image,iteration,A_p,A_p_per_pixel,max_confidence_change
spaghetti,0,1038321.8911238024,1.0488099910341437,
spaghetti,1,812023.0436489073,0.8202252966150579,0.5384288861736172
spaghetti,2,947754.3958412043,0.957327672566873,0.5212883059543373
spaghetti,3,1342378.904234121,1.3559382871051728,0.4592603064705151
spaghetti,4,1803755.9847154943,1.821975742136863,0.4966240339266542
spaghetti,5,2247104.2455682927,2.2698022682508006,0.5102050682591568
fingerprint,0,365392.45339395246,1.3911445137135738,
fingerprint,1,358102.90429169015,1.3633912961885133,0.3841958334771518
fingerprint,2,495097.8875699631,1.8849669817935364,0.42701682639309657
fingerprint,3,755453.6743986859,2.876209469415075,0.4260701585832434
fingerprint,4,1059760.3842763393,4.0347846014419595,0.428256916450495
fingerprint,5,1363655.193119959,5.191791518640195,0.5052979316323
hair,0,660653.8068990062,1.6104080706391533,
hair,1,785859.3984585252,1.915608908098979,0.46334948620509375
hair,2,1186897.068424067,2.8931773313769185,0.4392692530579609
hair,3,1735089.5567714742,4.229449972629373,0.4161699225306076
hair,4,2307214.4482443193,5.624060180002728,0.44200482428821253
hair,5,2873675.1166667263,7.004863291406801,0.43272395637477223
